{
  "steps": [
    25,
    50,
    75,
    100,
    125,
    150,
    175,
    200,
    225,
    250,
    275,
    300,
    325,
    350,
    375,
    400,
    425,
    450
  ],
  "train_loss": [
    10.94,
    10.6357,
    10.3623,
    9.9716,
    9.6195,
    9.1052,
    8.6006,
    8.2362,
    8.0877,
    7.5757,
    7.6738,
    7.787,
    7.6184,
    7.5041,
    7.8991,
    7.7753,
    7.6088,
    7.492
  ],
  "lm_loss": [
    10.7523,
    10.448,
    10.1745,
    9.7837,
    9.4314,
    8.9169,
    8.412,
    8.0472,
    7.8984,
    7.3864,
    7.4846,
    7.5979,
    7.4294,
    7.315,
    7.71,
    7.5861,
    7.4193,
    7.3021
  ],
  "ortho_loss": [
    0.1877,
    0.1877,
    0.1878,
    0.1879,
    0.1881,
    0.1883,
    0.1887,
    0.1891,
    0.1893,
    0.1893,
    0.1892,
    0.1891,
    0.1891,
    0.1891,
    0.1891,
    0.1892,
    0.1895,
    0.1899
  ],
  "val_loss": [
    null,
    10.3956,
    null,
    9.7479,
    null,
    8.8638,
    null,
    7.9589,
    null,
    7.5368,
    null,
    7.5446,
    null,
    7.5531,
    null,
    7.5604,
    null,
    null
  ],
  "val_ppl": [
    null,
    32715.91,
    null,
    17118.3,
    null,
    7071.33,
    null,
    2860.85,
    null,
    1875.73,
    null,
    1890.43,
    null,
    1906.63,
    null,
    1920.64,
    null,
    null
  ],
  "learning_rate": [
    1.56e-05,
    3.06e-05,
    4.56e-05,
    6.06e-05,
    7.56e-05,
    9.06e-05,
    0.000106,
    0.000121,
    0.000136,
    0.000151,
    0.000166,
    0.000181,
    0.000196,
    0.000211,
    0.000226,
    0.000241,
    0.000256,
    0.000271
  ],
  "grad_norm": [
    1.05,
    1.28,
    1.35,
    1.56,
    1.55,
    1.49,
    1.41,
    1.17,
    0.83,
    0.62,
    0.5,
    0.55,
    0.46,
    0.54,
    0.52,
    0.5,
    0.74,
    0.79
  ]
}